img_name;folder;image;h_1;h_2;h_3;h_4;h_5;h_6;h_7;h_8;h_9;h_10;pw_1;pw_2;pw_3;pw_4;pw_5;pw_6;pw_7;pw_8;pw_9;pw_10
Pieza_01_foto0;1;0;55;57;67;64;91;91;62;66;77;77;42.96875;43.72258771929825;50.12826492537314;49.31640625;46.248282967032964;70.93063186813187;48.4375;50.33143939393939;51.826298701298704;60.15625
Pieza_01_foto00;1;0;80;80;65;65;82;81;64;69;59;58;62.5;53.984375;50.78125;50.46875;60.11814024390244;51.25385802469136;47.412109375;53.90625;46.09375;44.53125
Pieza_01_foto0118;1;118;63;63;62;64;64;60;59;58;61;61;49.21875;48.4375;48.4375;49.4140625;48.2666015625;46.875;44.87552966101695;45.16433189655172;42.96875;47.65625
Pieza_01_foto0119;1;119;64;66;66;61;63;63;60;64;69;69;50.0;50.20123106060606;50.50899621212121;47.65625;48.37549603174603;48.06547619047619;46.640625;46.77734375;50.0;53.90625
Pieza_01_foto0137;1;137;64;67;71;71;71;74;75;78;78;55;50.0;50.0;52.618838028169016;55.46875;54.7425176056338;56.25;57.8125;58.59375;60.9375;42.96875
Pieza_01_foto0138;1;138;72;75;76;76;77;77;77;79;82;82;56.25;56.645833333333336;58.59375;58.0797697368421;59.375;60.15625;60.15625;60.87816455696203;62.823932926829265;58.0030487804878
Pieza_01_foto0152;1;152;58;58;56;54;55;55;53;53;55;55;45.3125;44.31573275862069;43.75;42.1875;41.40625;42.96875;40.787146226415096;40.97877358490566;39.84375;42.96875
Pieza_01_foto0153;1;153;71;71;70;70;68;68;64;65;65;62;53.98327464788732;55.43573943661972;54.6875;54.017857142857146;53.125;52.5735294117647;49.3408203125;49.21875;47.07932692307692;48.4375
Pieza_01_foto0184;1;184;67;67;66;65;63;62;61;62;68;68;50.093283582089555;52.34375;51.5625;50.78125;48.4375;47.58064516129032;47.65625;47.88306451612903;48.552389705882355;53.125
Pieza_01_foto0185;1;185;65;63;63;63;61;59;57;58;59;59;50.63701923076923;47.817460317460316;49.16914682539682;48.958333333333336;47.57940573770492;45.32574152542373;44.53125;44.67941810344828;45.3125;46.09375
Pieza_01_foto0219;1;219;59;60;64;64;65;69;73;76;76;77;44.53125;46.822916666666664;47.65625;50.0;50.42067307692308;53.000452898550726;51.294948630136986;57.401315789473685;56.54810855263158;60.15625
Pieza_01_foto0255;1;255;57;57;59;74;74;69;67;70;70;70;44.53125;42.96875;46.09375;46.76942567567568;56.22888513513514;51.64175724637681;52.203824626865675;52.67857142857143;54.6875;54.6875
Pieza_01_foto0277;1;277;69;68;68;67;67;65;64;63;62;61;53.79302536231884;53.125;52.75735294117647;52.34375;51.30597014925373;50.78125;49.8046875;49.21875;48.4375;47.14395491803279
Pieza_01_foto0295;1;295;55;55;53;53;55;59;59;59;61;62;42.96875;41.40625;41.40625;41.40625;42.82670454545455;45.67002118644068;45.3125;45.815677966101696;45.3125;48.4375
Pieza_01_foto0318;1;318;70;70;69;68;66;65;63;63;63;63;54.6875;54.408482142857146;53.90625;52.41268382352941;51.5625;50.40865384615385;49.21875;49.21875;49.21875;49.21875
Pieza_01_foto0319;1;319;85;85;79;79;80;76;79;84;83;78;65.67095588235294;66.40625;61.71875;61.71875;62.34375;59.313322368421055;39.07238924050633;63.625372023809526;64.46724397590361;59.52524038461539
Pieza_01_foto0344;1;344;58;58;62;62;55;55;57;61;57;57;43.75;45.218211206896555;45.451108870967744;42.477318548387096;42.96875;42.1875;42.6672149122807;47.61782786885246;42.1875;44.53125
Pieza_01_foto0369;1;369;66;64;64;64;64;64;62;61;61;61;51.5625;50.0;49.52392578125;50.0;49.5849609375;48.5595703125;48.08467741935484;47.42571721311475;47.01588114754098;47.65625
Pieza_01_foto038;1;38;69;69;74;77;68;68;64;62;58;58;53.90625;52.864583333333336;50.55954391891892;60.13595779220779;50.78125;52.263327205882355;49.2919921875;48.4375;43.75;44.74676724137931
Pieza_01_foto039;1;39;64;63;61;60;60;61;63;62;57;56;49.90234375;48.47470238095238;47.65625;46.875;46.875;46.11936475409836;49.21875;40.486391129032256;44.53125;43.75
Pieza_01_foto0416;1;416;53;55;82;82;79;73;77;77;77;73;40.625;42.76988636363637;45.388719512195124;63.938643292682926;60.18591772151899;47.934503424657535;40.625;60.15625;48.77232142857143;55.46875
Pieza_01_foto0437;1;437;68;70;74;68;67;65;64;57;57;55;52.34375;54.6875;57.62246621621622;53.125;51.5625;49.21875;47.216796875;44.53125;44.50383771929825;42.57102272727273
Pieza_01_foto0460;1;460;112;112;113;113;109;103;104;102;102;67;86.00725446428571;86.69084821428571;84.09153761061947;88.22594026548673;63.496272935779814;57.25121359223301;81.01712740384616;79.6875;53.50030637254902;52.34375
Pieza_01_foto0461;1;461;58;68;107;107;107;100;99;97;97;83;45.3125;52.8952205882353;52.39485981308411;83.59375;81.5347546728972;77.703125;77.2885101010101;75.78125;54.51836340206186;64.01543674698796
Pieza_01_foto0521;1;521;70;61;58;60;62;58;61;73;59;61;54.017857142857146;44.53125;45.23168103448276;45.859375;48.16028225806452;45.3125;45.978483606557376;57.03125;44.55773305084746;46.68288934426229
Pieza_01_foto0522;1;522;64;59;59;54;65;67;67;61;61;63;48.9013671875;45.3125;46.05402542372882;42.1875;42.99278846153846;50.78125;51.22434701492537;45.3125;47.041495901639344;49.045138888888886
Pieza_01_foto0545;1;545;83;83;57;83;86;90;56;56;64;57;64.84375;64.66490963855422;43.75;44.53125;64.84375;70.12152777777777;43.75;43.75;49.70703125;44.53125
Pieza_01_foto076;1;76;65;62;62;62;62;55;57;52;54;52;50.49278846153846;48.185483870967744;47.99647177419355;48.4375;48.4375;42.96875;44.53125;40.625;42.042824074074076;40.625
Pieza_01_foto077;1;77;63;63;62;62;62;59;58;53;53;56;49.21875;48.35069444444444;48.12247983870968;48.4375;45.35030241935484;45.828919491525426;41.742995689655174;41.40625;41.40625;42.67578125
Pieza_01_foto098;1;98;58;62;63;67;67;69;69;67;72;72;43.75;45.3125;48.958333333333336;50.54804104477612;52.34375;53.53260869565217;51.25679347826087;52.34375;54.524739583333336;56.25
Pieza_01_foto118;1;118;58;58;59;58;58;66;63;59;60;64;45.3125;43.9385775862069;45.3125;42.1875;45.3125;47.15909090909091;48.46230158730159;46.09375;46.09375;49.4140625
Pieza_01_foto119;1;119;66;66;62;64;64;60;58;63;63;62;51.5625;49.75142045454545;48.021673387096776;46.4111328125;49.8291015625;46.875;45.3125;46.56498015873016;49.15674603174603;47.65625
Pieza_01_foto137;1;137;64;82;81;78;78;75;74;74;70;67;48.828125;59.603658536585364;60.9375;60.9375;59.0244391025641;57.0625;57.8125;56.070523648648646;52.52232142857143;52.34375
Pieza_01_foto138;1;138;86;85;82;80;81;80;76;77;77;75;67.08757267441861;65.7720588235294;63.28125;62.5;63.18479938271605;61.884765625;59.375;59.6489448051948;59.44602272727273;58.59375
Pieza_01_foto152;1;152;62;62;59;59;61;61;60;62;64;64;48.4375;47.127016129032256;45.51112288135593;46.09375;47.0030737704918;47.11834016393443;46.848958333333336;47.69405241935484;48.4375;50.0
Pieza_01_foto153;1;153;60;64;64;65;65;66;68;68;68;68;46.875;46.875;50.0;47.65625;50.78125;50.78125;51.63143382352941;53.125;53.125;52.52757352941177
Pieza_01_foto184;1;184;67;67;60;59;60;61;63;63;64;64;52.34375;52.34375;46.744791666666664;46.09375;46.09375;47.5281762295082;48.94593253968254;49.21875;49.5849609375;49.0478515625
Pieza_01_foto185;1;185;58;59;55;55;60;62;62;61;61;62;45.3125;46.06726694915254;42.96875;42.8125;42.942708333333336;46.875;47.88306451612903;46.50358606557377;46.759733606557376;46.106350806451616
Pieza_01_foto219;1;219;73;73;75;129;129;63;64;67;67;58;57.03125;53.125;57.03125;63.275193798449614;90.69767441860465;73.4375;49.86572265625;47.02658582089552;50.944496268656714;43.305495689655174
Pieza_01_foto255;1;255;67;68;75;75;67;71;71;61;62;62;52.34375;52.97564338235294;55.53125;55.677083333333336;50.0;52.47579225352113;51.6175176056338;46.157786885245905;42.96875;47.76965725806452
Pieza_01_foto277;1;277;55;56;59;60;60;62;62;62;62;63;42.1875;43.41517857142857;45.233050847457626;46.302083333333336;46.875;46.875;48.4375;47.65625;48.4375;48.697916666666664
Pieza_01_foto295;1;295;129;126;58;65;65;114;114;111;59;94;99.18846899224806;91.4186507936508;66.09644396551724;46.88701923076923;47.01923076923077;63.541666666666664;88.89117324561404;57.411317567567565;46.09375;63.78823138297872
Pieza_01_foto318;1;318;57;58;57;57;59;60;62;64;64;64;44.53125;45.3125;44.53125;44.53125;45.3125;46.875;47.442036290322584;49.21875;50.0;50.0
Pieza_01_foto319;1;319;91;91;89;82;79;83;83;90;90;89;71.09375;67.1875;69.46102528089888;53.058307926829265;60.71993670886076;64.75903614457832;64.84375;68.93229166666667;69.01909722222223;69.53125
Pieza_01_foto342;1;342;54;54;54;54;54;54;54;54;54;54;42.1875;42.1875;42.1875;42.1875;42.1875;42.1875;42.1875;42.1875;42.1875;42.1875
Pieza_01_foto344;1;344;62;66;67;63;61;65;68;68;66;66;48.4375;50.46164772727273;52.11054104477612;48.549107142857146;47.65625;47.70432692307692;48.39154411764706;53.125;50.24857954545455;48.68607954545455
Pieza_01_foto368;1;368;59;68;64;63;63;66;66;58;64;65;43.816207627118644;51.263786764705884;49.21875;48.4375;49.21875;50.44981060606061;47.44318181818182;44.89493534482759;47.30224609375;50.69711538461539
Pieza_01_foto369;1;369;81;81;81;81;81;81;81;81;81;81;63.28125;63.28125;63.28125;63.28125;63.28125;63.28125;63.28125;63.28125;63.28125;63.28125
Pieza_01_foto38;1;38;56;60;59;61;64;74;74;71;64;66;42.1875;45.807291666666664;46.09375;45.3125;48.876953125;57.601351351351354;57.8125;47.964348591549296;50.0;50.56818181818182
Pieza_01_foto39;1;39;69;69;68;69;67;68;73;73;70;70;53.90625;49.377264492753625;44.53125;53.44202898550725;51.340951492537314;52.228860294117645;51.5625;55.747003424657535;52.377232142857146;54.6875
Pieza_01_foto416;1;416;79;82;82;81;77;83;91;89;89;56;60.15625;64.0625;62.728658536585364;62.123842592592595;44.53125;62.00112951807229;70.33825549450549;69.53125;56.22366573033708;43.75
Pieza_01_foto437;1;437;53;54;55;90;90;64;77;77;72;66;41.303066037735846;41.232638888888886;42.91193181818182;55.390625;58.40277777777778;48.4375;52.8510551948052;59.66923701298701;53.70008680555556;50.343276515151516
Pieza_01_foto460;1;460;83;85;85;86;86;86;89;89;91;90;64.84375;66.38786764705883;61.36029411764706;66.53343023255815;54.35138081395349;53.25218023255814;69.51369382022472;68.12675561797752;70.93921703296704;69.765625
Pieza_01_foto461;1;461;56;58;58;57;58;65;67;72;72;69;41.40625;45.3125;44.81411637931034;44.53125;44.692887931034484;48.70192307692308;51.20102611940298;54.296875;56.25;47.98460144927536
Pieza_01_foto521;1;521;58;67;70;69;64;64;57;56;59;67;45.3125;43.75;54.330357142857146;45.437047101449274;43.75;49.98779296875;44.53125;43.75;42.96875;51.888992537313435
Pieza_01_foto522;1;522;60;61;61;65;65;81;81;57;56;59;46.875;47.47694672131148;42.96875;47.80048076923077;45.69711538461539;46.498842592592595;59.67399691358025;44.53125;43.038504464285715;45.021186440677965
Pieza_01_foto545;1;545;60;80;82;86;93;89;86;87;87;86;46.875;54.951171875;63.32888719512195;64.0625;72.57224462365592;67.1875;46.875;47.11745689655172;67.51975574712644;67.1875
Pieza_01_foto76;1;76;58;63;65;65;68;70;70;69;73;73;45.3125;46.713789682539684;50.72115384615385;49.21875;50.78125;53.560267857142854;54.6875;53.90625;54.794520547945204;57.03125
Pieza_01_foto77;1;77;63;62;62;67;64;68;68;68;69;69;49.21875;48.4375;47.50504032258065;49.230410447761194;50.0;50.0;53.125;53.125;52.52490942028985;53.90625
Pieza_01_foto98;1;98;69;66;62;63;63;62;61;57;56;52;53.54393115942029;51.124526515151516;47.65625;46.09375;49.21875;47.65625;46.54200819672131;44.53125;42.257254464285715;39.84375
Pieza_02_foto028;2;28;108;108;108;108;108;108;100;108;108;108;84.375;84.375;84.375;84.375;84.375;83.07291666666667;76.75;82.90653935185185;84.375;84.375
Pieza_02_foto066;2;66;65;64;76;79;85;85;86;85;85;85;50.78125;48.486328125;50.34950657894737;59.81012658227848;62.931985294117645;66.40625;67.15116279069767;66.40625;66.40625;66.40625
Pieza_02_foto28;2;28;180;180;170;69;69;62;64;139;92;143;71.11111111111111;71.11111111111111;59.61856617647059;51.630434782608695;52.85326086956522;46.118951612903224;70.1904296875;84.77967625899281;70.60971467391305;82.62674825174825
Pieza_02_foto66;2;66;81;80;79;80;79;79;74;71;62;62;63.28125;61.71875;61.71875;62.4609375;61.71875;59.24643987341772;56.408361486486484;51.55149647887324;43.75;48.4375
Pieza_03_foto0113;3;113;76;72;72;71;74;74;72;72;72;63;59.375;44.58550347222222;56.25;54.6875;57.44298986486486;57.8125;55.642361111111114;55.837673611111114;54.00390625;49.21875
Pieza_03_foto0138;3;138;84;86;85;82;72;72;76;76;62;62;64.0625;66.88771802325581;65.58823529411765;63.88147865853659;42.96875;52.97309027777778;54.8108552631579;58.768503289473685;48.4375;39.36491935483871
Pieza_03_foto0139;3;139;83;83;81;81;62;70;70;66;66;62;63.28125;63.45067771084337;62.885802469135804;60.84104938271605;48.4375;48.10267857142857;54.107142857142854;51.5625;51.37310606060606;48.4375
Pieza_03_foto016;3;16;257;258;249;266;269;270;269;268;207;126;49.80544747081712;49.6124031007752;51.40562248995984;48.1203007518797;47.58364312267658;47.407407407407405;47.58364312267658;47.76119402985075;61.52626811594203;97.93526785714286
Pieza_03_foto0294;3;294;35;61;69;71;73;73;75;74;71;70;27.34375;39.357069672131146;50.50951086956522;54.973591549295776;56.924229452054796;55.982448630136986;58.427083333333336;57.7491554054054;55.006602112676056;54.08482142857143
Pieza_03_foto0328;3;328;58;61;61;61;61;61;64;64;63;60;43.75;45.3125;47.64344262295082;46.86219262295082;46.59323770491803;46.875;47.94921875;50.0;48.697916666666664;46.223958333333336
Pieza_03_foto0345;3;345;54;54;55;57;58;58;59;58;58;58;42.1875;42.1875;41.40625;43.03728070175438;44.53125;45.3125;45.74947033898305;45.3125;45.3125;45.3125
Pieza_03_foto0393;3;393;60;62;62;62;64;65;65;61;60;58;46.875;47.22782258064516;48.4375;48.4375;48.84033203125;50.0;50.39663461538461;47.65625;46.875;45.3125
Pieza_03_foto0411;3;411;108;108;101;109;112;111;110;110;110;80;84.375;82.97887731481481;78.25649752475248;80.64076834862385;86.865234375;83.48113738738739;85.47585227272727;85.9375;81.97443181818181;41.4453125
Pieza_03_foto0445;3;445;48;78;79;80;79;74;79;78;75;74;35.9375;42.93870192307692;61.14517405063291;62.20703125;61.70886075949367;55.46875;61.30340189873418;60.47676282051282;58.0625;57.8125
Pieza_03_foto061;3;61;98;95;95;94;84;84;77;77;68;59;76.42697704081633;73.2154605263158;73.65131578947368;70.87765957446808;65.02046130952381;60.03534226190476;47.3823051948052;57.700892857142854;50.21829044117647;43.644067796610166
Pieza_03_foto113;3;113;66;75;75;76;78;78;74;75;75;79;51.5625;53.947916666666664;58.510416666666664;57.8125;60.09615384615385;60.15625;56.788429054054056;58.333333333333336;50.208333333333336;56.546677215189874
Pieza_03_foto138;3;138;252;252;252;226;226;229;141;135;252;252;50.79365079365079;50.79365079365079;50.79365079365079;56.63716814159292;56.63716814159292;55.89519650655022;90.78014184397163;94.81481481481481;50.79365079365079;50.79365079365079
Pieza_03_foto139;3;139;56;61;61;64;64;56;76;76;78;78;43.75;46.09375;46.875;49.57275390625;45.71533203125;43.75;53.3203125;59.375;60.436698717948715;59.10456730769231
Pieza_03_foto216;3;216;46;52;56;60;64;64;69;64;67;67;35.9375;40.625;43.21986607142857;45.169270833333336;48.76708984375;50.0;53.86096014492754;50.0;50.51305970149254;52.34375
Pieza_03_foto294;3;294;73;75;77;78;76;77;74;72;65;55;56.37842465753425;57.041666666666664;59.679383116883116;60.84735576923077;58.0078125;60.08522727272727;57.8125;54.318576388888886;47.71634615384615;42.96875
Pieza_03_foto311;3;311;62;62;66;69;69;69;67;66;64;62;48.4375;45.75352822580645;44.04592803030303;52.98913043478261;53.90625;53.125;52.017257462686565;51.20738636363637;49.90234375;48.4375
Pieza_03_foto312;3;312;58;61;65;65;65;64;62;60;59;59;43.844288793103445;45.3125;48.79807692307692;50.78125;50.28846153846154;50.0;47.983870967741936;46.875;46.09375;45.52436440677966
Pieza_03_foto328;3;328;63;66;68;68;64;65;65;64;64;64;49.21875;50.24857954545455;52.8952205882353;51.21783088235294;49.21875;48.4375;50.72115384615385;49.51171875;50.0;48.9501953125
Pieza_03_foto345;3;345;61;61;62;62;62;61;60;58;57;57;47.65625;47.65625;47.65625;48.4375;47.681451612903224;47.65625;46.71875;44.436961206896555;43.99671052631579;44.53125
Pieza_03_foto361;3;361;65;65;63;63;63;62;61;61;60;55;50.78125;49.74759615384615;49.21875;49.21875;49.21875;48.4375;47.65625;47.06711065573771;44.53125;42.96875
Pieza_03_foto376;3;376;51;65;83;89;89;88;88;85;79;73;39.0625;46.70673076923077;60.579819277108435;68.96067415730337;69.2942415730337;67.7645596590909;68.03977272727273;64.21875;58.0498417721519;55.56506849315068
Pieza_03_foto38;3;38;127;129;133;133;130;129;132;132;122;103;59.55954724409449;61.60973837209303;57.5187969924812;67.73966165413533;66.10576923076923;64.10489341085271;66.42992424242425;62.079782196969695;50.56992827868852;45.904126213592235
Pieza_03_foto393;3;393;52;54;55;59;59;59;56;57;57;55;40.625;42.07175925925926;42.68465909090909;43.51165254237288;46.09375;45.76271186440678;43.75;44.010416666666664;43.59923245614035;42.96875
Pieza_03_foto411;3;411;74;77;77;77;79;79;76;68;75;75;57.8125;59.27353896103896;60.15625;60.10551948051948;57.8125;61.59018987341772;55.921052631578945;53.125;56.96875;58.59375
Pieza_03_foto445;3;445;59;60;63;64;63;64;65;64;63;52;46.09375;46.09375;48.4375;50.0;43.75;49.71923828125;50.78125;49.76806640625;43.75;25.78125
Pieza_03_foto463;3;463;58;58;56;61;64;64;64;64;62;62;45.3125;45.043103448275865;43.75;44.45440573770492;47.9736328125;50.0;50.0;49.560546875;48.4375;47.88306451612903
Pieza_03_foto464;3;464;65;68;68;65;71;71;71;70;69;69;50.02403846153846;52.251838235294116;52.676930147058826;49.19471153846154;53.14700704225352;55.46875;55.46875;54.642857142857146;53.192934782608695;53.90625
Pieza_03_foto501;3;501;54;52;97;101;101;101;100;102;102;101;36.37152777777778;34.67548076923077;64.08666237113403;77.9316212871287;78.90625;76.91831683168317;77.984375;79.57261029411765;78.90625;77.43657178217822
Pieza_03_foto533;3;533;58;60;64;64;62;62;60;60;60;66;44.53125;46.770833333333336;47.0458984375;48.08349609375;46.900201612903224;48.4375;46.875;46.875;46.875;49.41998106060606
Pieza_03_foto60;3;60;55;59;65;68;68;70;70;77;76;76;42.41477272727273;46.09375;44.15865384615385;51.114430147058826;52.94117647058823;52.36607142857143;54.419642857142854;59.58806818181818;59.375;56.34251644736842
Pieza_03_foto61;3;61;73;71;80;80;88;88;97;98;98;101;57.03125;51.5625;58.994140625;57.44140625;60.40482954545455;67.8799715909091;72.43878865979381;75.90880102040816;76.5625;78.72060643564356
Pieza_05_foto0112;5;112;54;61;74;83;93;100;112;125;138;141;5.787037037037037;9.336577868852459;15.920608108108109;21.875;27.620967741935484;33.4921875;41.343470982142854;47.56875;59.5901268115942;62.83244680851064
Pieza_05_foto0138;5;138;171;171;171;171;171;171;171;171;171;171;74.85380116959064;74.85380116959064;74.85380116959064;74.85380116959064;74.85380116959064;74.85380116959064;74.85380116959064;74.85380116959064;74.85380116959064;74.85380116959064
Pieza_05_foto0162;5;162;152;145;106;106;86;82;74;62;48;36;83.55263157894737;84.2682595710019;81.53320457584311;79.04471846679543;60.75810291155466;64.06760130593432;57.91657799531815;45.88519177038354;37.35236220472441;19.4663167104112
Pieza_05_foto0178;5;178;137;138;132;130;64;66;75;75;67;67;92.7007299270073;92.02898550724638;96.21212121212122;57.27437916414294;47.37942913385827;51.19303268909568;54.509186351706035;55.56955380577428;49.60629921259842;51.52191796920907
Pieza_05_foto0207;5;207;61;73;80;90;97;100;108;116;126;126;23.118626565121982;31.032251105598103;38.12007874015748;45.809273840769904;51.757447844792594;54.10236220472441;57.84485272674249;64.64838446918273;72.31596050493688;73.67829021372329
Pieza_05_foto0220;5;220;228;228;219;188;191;184;173;162;155;143;56.14035087719298;56.14035087719298;58.44748858447488;68.08510638297872;67.01570680628272;69.56521739130434;73.98843930635839;79.01234567901234;82.58064516129032;89.5104895104895
Pieza_05_foto0234;5;234;58;64;63;70;70;64;62;65;65;66;45.3125;49.52392578125;48.87152777777778;51.238839285714285;50.0;48.4375;48.4375;45.3125;50.78125;51.5625
Pieza_05_foto0235;5;235;59;62;65;65;60;60;54;53;56;56;46.09375;46.09375;48.4375;50.26442307692308;43.90625;45.403645833333336;41.40625;41.40625;42.1875;43.289620535714285
Pieza_05_foto027;5;27;64;73;73;95;110;126;127;138;154;155;4.822834645669292;9.060511271707474;9.071297594649984;21.0940737670949;29.591982820329278;38.557680289963756;42.26548453096906;48.4594317014721;57.63881787503835;62.26568453136906
Pieza_05_foto028;5;28;171;155;98;127;126;63;79;79;73;65;74.85380116959064;77.09677419354838;74.00350765306122;94.40206692913385;78.06919642857143;46.42857142857143;49.90110759493671;61.71875;54.29152397260274;46.79086538461539
Pieza_05_foto04;5;4;105;105;105;105;105;105;105;105;105;105;82.03125;82.03125;82.03125;82.03125;82.03125;82.03125;82.03125;82.03125;82.03125;82.03125
Pieza_05_foto067;5;67;212;212;167;89;50;54;54;49;64;124;60.37735849056604;60.37735849056604;65.91504491017965;27.659761235955056;45.921875;39.68460648148148;45.99326599326599;37.691326530612244;68.27392578125;88.41985887096774
Pieza_05_foto082;5;82;83;96;109;117;131;138;143;157;164;167;0.6212349397590361;9.5947265625;15.632167431192661;20.239049145299145;28.35162213740458;33.56544384057971;36.49475524475525;43.769904458598724;49.25685975609756;52.49812874251497
Pieza_05_foto112;5;112;131;104;104;127;127;119;107;98;88;79;96.85114503816794;81.25;81.12229567307692;93.0179625984252;96.21062992125984;88.1827731092437;80.90683411214954;73.47735969387755;65.86470170454545;61.71875
Pieza_05_foto162;5;162;200;200;200;200;200;200;200;200;183;170;63.5;63.5;63.5;63.5;63.5;63.5;63.5;63.5;69.39890710382514;74.70588235294117
Pieza_05_foto178;5;178;133;133;133;133;133;118;126;133;133;133;95.48872180451127;95.48872180451127;95.48872180451127;95.48872180451127;89.094784204606;92.1259842519685;96.8941382327209;95.48280149191878;95.48872180451127;95.48872180451127
Pieza_05_foto207;5;207;139;127;114;104;101;97;89;77;71;57;91.36690647482014;91.74158348316696;87.29106230142285;79.77740763173834;78.66999298355033;75.13596882863868;68.38892329470052;58.819920237243075;51.54707774204281;42.5887553529493
Pieza_05_foto208;5;208;279;281;281;258;226;229;306;306;306;306;45.878136200716845;45.55160142348755;45.55160142348755;49.6124031007752;56.63716814159292;55.89519650655022;41.830065359477125;41.830065359477125;41.830065359477125;41.830065359477125
Pieza_05_foto234;5;234;95;66;65;65;66;66;67;97;98;93;74.21875;51.11268939393939;50.78125;50.78125;50.78125;51.5625;51.5625;71.27094072164948;76.39508928571429;72.65625
Pieza_05_foto235;5;235;53;53;52;53;58;58;62;62;53;51;41.40625;41.170400943396224;40.625;39.84375;41.40625;44.935344827586206;43.535786290322584;42.76713709677419;40.079599056603776;39.84375
Pieza_05_foto27;5;27;149;144;132;123;96;96;91;69;69;58;85.23489932885906;88.19444444444444;95.32927702219041;91.08251712438384;47.24409448818898;74.81955380577428;65.68313576187592;49.788885085016545;51.43215793677964;44.21667119196307
Pieza_05_foto28;5;28;324;307;307;237;238;197;245;246;280;312;39.50617283950617;41.693811074918564;41.693811074918564;54.0084388185654;53.78151260504202;64.9746192893401;52.244897959183675;52.03252032520325;45.714285714285715;41.02564102564103
Pieza_05_foto4;5;4;105;105;96;89;76;70;60;50;44;34;82.03125;80.69196428571429;73.05501302083333;64.16783707865169;59.375;54.6875;44.401041666666664;37.703125;34.375;26.5625
Pieza_05_foto82;5;82;173;170;164;120;131;131;123;103;102;79;73.98843930635839;75.29411764705883;76.3719512195122;93.39192708333333;83.77266221374046;97.27457061068702;84.57190040650407;79.69508495145631;75.390625;44.19501582278481
Pieza_06_foto0123;6;123;144;144;144;144;144;144;144;144;144;144;88.88888888888889;88.88888888888889;88.88888888888889;88.88888888888889;88.88888888888889;88.88888888888889;88.88888888888889;88.88888888888889;88.88888888888889;88.88888888888889
Pieza_06_foto0142;6;142;153;153;153;153;153;153;153;153;153;153;83.66013071895425;83.66013071895425;83.66013071895425;83.66013071895425;83.66013071895425;83.66013071895425;83.66013071895425;83.66013071895425;83.66013071895425;83.66013071895425
Pieza_06_foto0194;6;194;54;54;55;55;55;57;58;59;60;61;42.1875;42.1875;42.59943181818182;42.96875;42.96875;43.75;44.53125;45.3125;46.09375;47.01588114754098
Pieza_06_foto0213;6;213;62;55;59;62;61;62;62;53;66;66;47.22782258064516;42.95454545454545;45.3125;48.4375;47.65625;47.946068548387096;47.34122983870968;41.40625;47.90482954545455;45.88068181818182
Pieza_06_foto055;6;55;57;57;59;56;55;65;65;60;62;54;43.77741228070175;44.53125;46.09375;43.75;42.96875;43.55769230769231;47.07932692307692;42.1875;48.4375;42.1875
Pieza_06_foto061;6;61;136;136;124;67;67;90;90;78;56;56;91.64751838235294;92.6470588235294;88.81678427419355;51.5625;52.34375;54.739583333333336;68.56770833333333;41.19591346153846;40.806361607142854;40.415736607142854
Pieza_06_foto123;6;123;144;136;128;111;111;96;79;59;49;47;88.88888888888889;94.11764705882354;91.876220703125;85.84600225225225;80.98958333333333;70.97981770833333;61.06606012658228;42.84957627118644;38.28125;35.03989361702128
Pieza_06_foto142;6;142;135;135;81;80;81;114;114;106;96;84;94.81481481481481;74.38078703703704;63.04976851851852;62.5;38.28125;77.30263157894737;86.32127192982456;79.79805424528301;71.20768229166667;63.541666666666664
Pieza_06_foto194;6;194;58;61;67;67;54;53;53;52;51;51;45.3125;46.157786885245905;49.18376865671642;43.9482276119403;42.1875;40.669221698113205;41.40625;40.625;39.84375;39.84375
Pieza_06_foto213;6;213;64;64;60;60;58;58;59;56;55;59;41.40625;49.06005859375;45.364583333333336;45.598958333333336;45.3125;45.3125;45.564088983050844;43.59654017857143;42.96875;43.73675847457627
Pieza_06_foto55;6;55;51;59;57;61;61;52;53;56;54;54;39.84375;41.326800847457626;40.446820175438596;39.84375;46.247438524590166;40.625;41.096698113207545;42.32700892857143;42.1875;42.1875
Pieza_06_foto61;6;61;132;144;144;144;152;152;146;152;152;152;96.96969696969697;88.88888888888889;88.88888888888889;88.88888888888889;84.21052631578948;84.21052631578948;87.67123287671232;84.21052631578948;84.21052631578948;84.21052631578948
Pieza_07_foto0;7;0;189;189;170;100;95;90;90;91;189;189;67.72486772486772;67.72486772486772;66.70496323529412;74.7890625;73.84868421052632;70.3125;69.77430555555556;70.4584478021978;51.20701058201058;67.72486772486772
Pieza_07_foto00;7;0;144;144;127;119;109;102;78;76;53;53;88.88888888888889;88.83463541666667;96.70890748031496;89.12158613445378;82.28927752293578;75.59742647058823;60.9375;58.84046052631579;41.40625;39.887971698113205
Pieza_07_foto01;7;1;279;278;257;254;244;233;220;209;195;186;45.878136200716845;46.0431654676259;49.80544747081712;50.39370078740158;52.459016393442624;54.93562231759657;58.18181818181818;61.24401913875598;65.64102564102564;68.81720430107526
Pieza_07_foto015;7;15;108;108;108;108;108;108;108;108;108;101;84.375;84.375;84.375;84.375;84.375;84.375;84.375;84.375;84.375;78.90625
Pieza_07_foto026;7;26;207;207;207;182;170;163;153;135;127;107;61.83574879227053;61.83574879227053;61.83574879227053;70.32967032967034;75.29411764705883;78.52760736196319;83.66013071895425;94.80324074074075;92.86417322834646;83.59375
Pieza_07_foto1;7;1;55;66;78;90;101;115;123;134;147;147;1.9886363636363635;6.131628787878788;11.658653846153847;17.682291666666668;24.419863861386137;33.349184782608695;37.385670731707314;44.64202425373134;54.639668367346935;57.48299319727891
Pieza_07_foto15;7;15;132;132;123;105;100;94;82;72;61;50;96.96969696969697;95.99313446969697;87.9001524390244;81.79315476190476;73.9921875;70.05485372340425;62.91920731707317;52.810329861111114;46.670081967213115;35.703125
Pieza_08_foto012;8;12;96;95;89;92;92;84;84;87;88;62;74.82096354166667;72.12993421052632;69.12745786516854;67.96875;68.70754076086956;64.08110119047619;64.18340773809524;49.91020114942529;68.68785511363636;48.4375
Pieza_08_foto013;8;13;76;75;79;79;70;70;65;59;59;59;59.375;58.59375;59.42444620253165;61.026503164556964;53.90625;54.6875;49.41105769230769;45.53760593220339;46.09375;45.45815677966102
Pieza_08_foto017;8;17;69;69;65;65;65;63;63;68;62;62;53.90625;52.10597826086956;47.70432692307692;50.78125;48.81009615384615;48.4375;48.8343253968254;51.78079044117647;46.875;48.4375
Pieza_08_foto018;8;18;61;65;65;61;60;61;61;59;54;59;47.65625;49.26682692307692;49.45913461538461;47.65625;46.875;46.990266393442624;46.50358606557377;46.04078389830509;42.1875;42.75688559322034
Pieza_08_foto019;8;19;91;91;88;83;88;88;86;86;86;78;71.09375;70.33825549450549;67.1786221590909;64.0625;66.5127840909091;68.75;67.1875;66.08829941860465;66.53343023255815;51.49238782051282
Pieza_08_foto07;8;7;85;81;77;71;69;65;60;59;59;59;66.02022058823529;61.68016975308642;57.700892857142854;55.083626760563384;53.03442028985507;47.45192307692308;46.875;45.35222457627118;46.09375;46.09375
Pieza_08_foto12;8;12;65;91;90;87;87;95;95;93;98;100;50.78125;71.03365384615384;58.66319444444444;66.30747126436782;66.81932471264368;70.0657894736842;70.92927631578948;71.81619623655914;73.98756377551021;77.4609375
Pieza_08_foto13;8;13;62;62;62;68;73;73;82;82;78;79;47.65625;48.4375;48.28629032258065;49.36810661764706;56.44263698630137;56.77440068493151;50.171493902439025;62.41425304878049;60.9375;61.71875
Pieza_08_foto14;8;14;55;55;55;57;56;58;59;59;67;73;42.96875;42.96875;42.96875;44.53125;43.75;44.27532327586207;46.09375;46.09375;49.312033582089555;56.77440068493151
Pieza_08_foto15;8;15;55;56;56;62;63;66;67;70;77;77;42.1875;43.75;43.75;46.32056451612903;48.697916666666664;50.80492424242424;52.16884328358209;53.85044642857143;54.6875;60.15625
Pieza_08_foto16;8;16;59;69;69;67;67;64;68;79;80;83;46.09375;48.177083333333336;47.305253623188406;49.16044776119403;51.43423507462686;49.755859375;50.505514705882355;59.81012658227848;62.5;63.41302710843374
Pieza_08_foto17;8;17;57;56;52;51;56;59;55;56;63;63;44.53125;42.898995535714285;39.84375;39.185049019607845;39.0625;46.09375;42.96875;42.96875;46.10615079365079;49.21875
Pieza_08_foto18;8;18;57;57;63;64;64;63;64;69;69;64;44.53125;44.53125;45.72172619047619;49.21875;49.81689453125;49.21875;49.71923828125;50.67934782608695;53.18161231884058;50.0
Pieza_08_foto19;8;19;82;86;89;89;97;97;86;91;94;94;48.951981707317074;64.78924418604652;67.62640449438203;69.46102528089888;71.43202319587628;69.88563144329896;66.40625;69.46256868131869;72.9471409574468;73.4375
Pieza_08_foto7;8;7;63;63;63;63;69;72;74;80;84;90;49.21875;49.21875;48.12748015873016;49.13194444444444;49.21875;55.02387152777778;57.25295608108108;59.43359375;63.625372023809526;68.31597222222223
Pieza_10_foto0104;10;104;82;104;112;112;108;107;79;75;88;88;58.59375;78.68088942307692;83.94252232142857;87.09542410714286;83.62268518518519;69.98393691588785;60.6309335443038;58.59375;68.2528409090909;46.57315340909091
Pieza_10_foto104;10;104;91;91;90;86;86;84;88;88;81;65;70.3125;71.09375;55.86805555555556;67.11482558139535;66.28815406976744;65.0297619047619;68.29723011363636;63.48544034090909;63.01118827160494;50.78125
Pieza_12_foto0146;12;146;72;74;74;73;65;84;87;87;71;64;53.90625;56.397804054054056;57.8125;52.622003424657535;50.78125;53.348214285714285;62.85919540229885;67.29525862068965;55.46875;50.0
Pieza_12_foto024;12;24;87;114;114;114;114;111;106;107;68;68;58.60272988505747;81.09237938596492;88.59649122807018;88.47313596491227;87.7467105263158;86.48648648648648;82.8125;83.41851635514018;53.125;49.551930147058826
Pieza_12_foto025;12;25;118;119;119;119;114;111;99;97;77;72;84.91128177966101;92.33849789915966;92.96875;89.83718487394958;88.41831140350877;84.12865990990991;75.98642676767676;67.51771907216495;57.3051948051948;52.571614583333336
Pieza_12_foto049;12;49;91;86;91;86;85;89;91;90;84;50;71.09375;67.1875;69.8231456043956;66.9876453488372;65.96507352941177;67.90730337078652;70.44986263736264;69.54861111111111;62.12797619047619;39.0625
Pieza_12_foto0490;12;490;71;70;70;68;68;68;68;66;61;56;55.46875;45.3125;54.453125;53.125;52.36672794117647;52.837775735294116;52.435661764705884;50.67471590909091;47.20799180327869;43.02455357142857
Pieza_12_foto0509;12;509;69;68;66;64;63;62;61;60;56;54;53.90625;52.78033088235294;51.5625;49.3408203125;49.18154761904762;48.4375;47.348872950819676;46.6796875;43.75;40.914351851851855
Pieza_12_foto0510;12;510;61;61;62;62;61;58;55;54;52;50;47.65625;47.11834016393443;47.84526209677419;48.4375;46.84938524590164;44.59859913793103;42.96875;42.1875;40.18930288461539;38.390625
Pieza_12_foto0525;12;525;73;73;73;71;70;68;65;61;58;58;57.03125;57.03125;55.78981164383562;55.46875;54.6875;52.49310661764706;49.57932692307692;47.15676229508197;45.3125;44.760237068965516
Pieza_12_foto0540;12;540;66;65;65;65;59;63;63;61;59;57;51.5625;50.27644230769231;48.04086538461539;50.78125;44.55773305084746;47.74305555555556;49.18154761904762;47.65625;45.246292372881356;43.54440789473684
Pieza_12_foto0541;12;541;64;64;58;65;65;65;65;62;60;57;50.0;48.5107421875;43.844288793103445;43.67788461538461;50.43269230769231;50.0;50.78125;47.88306451612903;46.471354166666664;43.70888157894737
Pieza_12_foto0557;12;557;65;65;64;62;61;60;59;57;54;51;50.78125;50.78125;50.0;48.4375;47.451331967213115;46.875;45.53760593220339;43.571820175438596;41.31944444444444;38.970588235294116
Pieza_12_foto0558;12;558;69;68;67;64;61;61;60;58;56;53;53.6231884057971;52.401194852941174;51.66744402985075;48.53515625;42.64856557377049;47.65625;46.1328125;44.800646551724135;43.289620535714285;40.96403301886792
Pieza_12_foto0576;12;576;90;90;90;90;90;77;90;90;90;90;70.3125;70.3125;70.3125;70.3125;70.3125;57.09212662337662;52.829861111111114;70.3125;70.3125;70.3125
Pieza_12_foto0592;12;592;80;79;77;75;74;72;71;70;59;57;62.5;61.46162974683544;60.15625;58.59375;57.274070945945944;56.25;55.46875;52.901785714285715;45.11387711864407;43.55811403508772
Pieza_12_foto0593;12;593;70;70;70;65;68;68;67;65;63;58;50.78125;54.6875;54.50892857142857;49.79567307692308;50.01148897058823;53.125;52.34375;50.74519230769231;48.51190476190476;45.3125
Pieza_12_foto0611;12;611;83;83;84;85;84;83;79;79;76;74;64.84375;64.84375;64.84375;66.37867647058823;64.97395833333333;63.43185240963855;61.71875;60.611155063291136;59.375;55.57432432432432
Pieza_12_foto0612;12;612;78;80;82;82;80;78;76;74;72;64;28.90625;61.54296875;63.77667682926829;64.0625;61.50390625;59.765625;58.64514802631579;57.8125;54.296875;48.20556640625
Pieza_12_foto0629;12;629;65;68;68;68;67;66;65;61;60;53;47.65625;52.045036764705884;53.125;53.125;52.34375;51.5625;50.40865384615385;47.65625;41.966145833333336;41.27358490566038
Pieza_12_foto0648;12;648;74;74;74;71;71;73;73;71;63;63;56.25;57.8125;56.50337837837838;48.778609154929576;53.587147887323944;55.811215753424655;57.03125;54.77552816901409;48.38789682539682;48.90873015873016
Pieza_12_foto0667;12;667;62;64;64;63;62;59;57;56;55;54;48.4375;49.49951171875;50.0;48.611111111111114;48.4375;45.11387711864407;44.0515350877193;43.75;42.96875;42.1875
Pieza_12_foto0685;12;685;64;64;64;63;62;61;58;56;54;51;50.0;50.0;49.4384765625;49.21875;48.4375;46.97745901639344;44.74676724137931;43.20591517857143;41.47858796296296;39.322916666666664
Pieza_12_foto0719;12;719;63;63;62;62;62;62;60;58;58;56;49.21875;48.78472222222222;48.4375;48.4375;48.4375;47.65625;46.875;45.3125;44.22144396551724;43.30357142857143
Pieza_12_foto0737;12;737;51;57;58;58;61;61;61;63;64;64;39.84375;39.84375;45.299030172413794;44.18103448275862;45.13319672131148;46.31147540983606;45.32530737704918;48.20188492063492;49.25537109375;49.4140625
Pieza_12_foto074;12;74;77;82;82;74;68;68;67;71;71;56;60.15625;60.15625;62.719131097560975;57.421875;53.125;53.125;49.230410447761194;53.11399647887324;49.526848591549296;42.368861607142854
Pieza_12_foto0774;12;774;79;78;76;72;70;65;51;55;58;57;61.71875;60.30649038461539;58.30592105263158;56.25;54.029017857142854;50.78125;39.84375;40.09943181818182;44.261853448275865;44.02412280701754
Pieza_12_foto095;12;95;76;71;72;72;67;71;71;65;63;53;58.23396381578947;53.90625;55.826822916666664;53.99305555555556;51.15438432835821;53.499119718309856;55.050616197183096;50.76923076923077;47.20982142857143;40.97877358490566
Pieza_12_foto096;12;96;64;68;68;61;59;63;63;81;61;57;49.49951171875;46.875;52.5735294117647;46.670081967213115;45.43167372881356;47.38343253968254;49.107142857142854;62.36496913580247;47.65625;44.53125
Pieza_12_foto146;12;146;68;74;87;87;87;69;76;78;78;75;52.653952205882355;57.8125;65.31968390804597;61.27873563218391;61.323635057471265;53.87228260869565;54.06044407894737;60.9375;59.39503205128205;56.25
Pieza_12_foto24;12;24;104;104;101;106;106;108;108;108;108;81;54.74759615384615;80.1983173076923;78.74381188118812;79.09787735849056;82.23024764150944;83.10908564814815;83.7890625;83.92650462962963;76.49739583333333;48.4375
Pieza_12_foto25;12;25;63;63;75;102;114;117;122;122;122;122;26.674107142857142;27.393353174603174;31.760416666666668;44.424019607843135;62.39720394736842;66.76014957264957;68.80122950819673;71.95184426229508;71.95184426229508;64.3890881147541
Pieza_12_foto49;12;49;81;78;84;84;82;84;82;80;79;85;62.95331790123457;60.15625;64.51822916666667;64.8530505952381;64.0625;65.45758928571429;62.5;58.583984375;61.71875;66.20404411764706
Pieza_12_foto490;12;490;59;64;69;71;71;71;71;73;73;75;45.3125;49.18212890625;52.37771739130435;54.48943661971831;55.46875;54.6875;55.46875;56.31421232876713;44.23159246575342;56.552083333333336
Pieza_12_foto509;12;509;57;59;63;64;65;66;67;70;71;72;43.75;45.828919491525426;48.549107142857146;49.2431640625;50.78125;51.08901515151515;51.5625;54.308035714285715;54.90757042253521;56.04383680555556
Pieza_12_foto510;12;510;53;55;57;58;61;64;65;65;64;65;40.742924528301884;42.1875;44.09265350877193;44.94881465517241;46.209016393442624;48.05908203125;50.78125;50.70913461538461;50.0;50.10817307692308
Pieza_12_foto524;12;524;55;58;60;61;63;65;66;67;68;68;41.40625;43.75;46.2890625;47.15676229508197;48.42509920634921;49.75961538461539;50.78125;51.97061567164179;52.34375;53.125
Pieza_12_foto525;12;525;52;52;55;59;62;64;66;67;67;68;39.84375;40.625;41.12215909090909;43.96186440677966;46.774193548387096;49.6826171875;50.47348484848485;51.5625;52.34375;52.5045955882353
Pieza_12_foto540;12;540;60;62;64;66;66;62;69;69;69;69;45.3125;47.089213709677416;48.7548828125;50.74573863636363;51.08901515151515;46.98840725806452;53.09103260869565;52.64945652173913;50.87182971014493;53.90625
Pieza_12_foto541;12;541;60;63;65;68;68;69;69;61;67;67;45.442708333333336;48.31349206349206;49.83173076923077;52.435661764705884;52.34375;52.34375;51.958786231884055;44.88985655737705;49.055503731343286;52.34375
Pieza_12_foto557;12;557;54;57;60;62;63;64;66;67;68;69;40.755208333333336;42.77686403508772;45.377604166666664;47.02620967741935;49.069940476190474;49.560546875;51.34943181818182;52.332089552238806;53.125;53.26086956521739
Pieza_12_foto558;12;558;56;59;61;63;64;64;67;70;71;72;42.96875;45.28601694915254;46.31147540983606;47.75545634920635;50.0;44.53125;48.997201492537314;53.761160714285715;54.6875;55.598958333333336
Pieza_12_foto576;12;576;90;92;92;91;79;97;101;104;104;105;69.765625;71.33152173913044;71.36548913043478;58.550824175824175;50.78125;74.35567010309278;74.69832920792079;80.0030048076923;81.25;81.52529761904762
Pieza_12_foto592;12;592;79;79;91;92;93;95;96;98;101;102;59.72112341772152;61.71875;68.81868131868131;71.875;72.63944892473118;73.74177631578948;74.98372395833333;76.41900510204081;77.86200495049505;79.23560049019608
Pieza_12_foto593;12;593;53;57;59;62;62;62;59;64;64;64;40.77240566037736;43.35252192982456;45.67002118644068;47.65625;48.4375;46.64818548387097;44.53125;48.7060546875;50.0;46.09375
Pieza_12_foto611;12;611;68;70;73;73;83;85;85;78;78;77;49.26470588235294;54.497767857142854;55.415239726027394;57.03125;64.30722891566265;65.74448529411765;61.76470588235294;60.9375;60.15625;60.15625
Pieza_12_foto612;12;612;57;66;68;70;72;74;76;76;74;72;44.394188596491226;46.472537878787875;52.95266544117647;53.90625;54.6875;56.408361486486484;59.200246710526315;59.375;57.326858108108105;53.13585069444444
Pieza_12_foto629;12;629;57;63;64;69;69;70;71;71;71;69;44.09265350877193;42.1875;50.0;51.65307971014493;53.90625;54.6875;55.149647887323944;55.46875;54.6875;50.31702898550725
Pieza_12_foto648;12;648;59;59;65;67;67;67;67;68;69;68;44.57097457627118;45.034427966101696;48.20913461538461;52.332089552238806;52.122201492537314;51.77238805970149;50.88619402985075;50.90762867647059;53.66847826086956;51.5625
Pieza_12_foto649;12;649;74;74;74;82;82;84;86;86;84;81;56.22888513513514;57.8125;50.61233108108108;55.144817073170735;64.0625;64.0625;66.58793604651163;66.22456395348837;65.625;63.28125
Pieza_12_foto667;12;667;57;58;60;60;62;65;66;67;67;65;44.53125;45.3125;45.7421875;46.875;46.57258064516129;50.78125;50.78125;51.99393656716418;52.34375;50.78125
Pieza_12_foto685;12;685;54;57;59;61;64;65;66;67;67;67;41.40625;42.87280701754386;45.219809322033896;46.875;48.69384765625;50.625;51.5625;51.60914179104478;52.34375;52.34375
Pieza_12_foto719;12;719;59;61;61;63;65;66;65;65;66;66;45.3125;46.09375;47.65625;49.15674603174603;49.375;51.5625;50.78125;50.78125;50.78125;51.5625
Pieza_12_foto737;12;737;67;67;66;64;64;64;61;62;60;55;50.88619402985075;52.08722014925373;50.911458333333336;48.20556640625;47.66845703125;49.8046875;46.09375;48.39969758064516;42.747395833333336;42.55681818181818
Pieza_12_foto74;12;74;59;60;70;70;74;74;77;86;86;80;44.53125;46.432291666666664;52.857142857142854;52.86830357142857;56.50337837837838;55.46875;58.23863636363637;62.94513081395349;63.69912790697674;62.5
Pieza_12_foto774;12;774;78;79;72;72;86;91;93;98;100;100;59.95592948717949;57.71360759493671;46.853298611111114;56.25;66.5515988372093;70.06353021978022;72.53024193548387;74.52168367346938;76.6015625;78.125
Pieza_12_foto95;12;95;61;66;68;74;74;70;75;75;75;79;47.182377049180324;48.25994318181818;52.7688419117647;55.479307432432435;57.14738175675676;53.90625;55.322916666666664;58.59375;56.260416666666664;59.22666139240506
Pieza_12_foto96;12;96;90;90;90;90;90;90;90;90;90;90;70.3125;70.3125;70.3125;70.3125;70.3125;70.3125;49.67881944444444;70.3125;70.3125;70.3125
Pieza_13_foto155;13;155;65;65;65;63;60;60;58;57;54;52;50.64903846153846;50.50480769230769;49.26682692307692;48.89632936507937;46.875;46.09375;45.3125;43.0921052631579;40.625;40.625
Pieza_13_foto156;13;156;67;66;65;63;63;62;60;59;57;55;52.1455223880597;51.5625;50.63701923076923;49.21875;48.74751984126984;47.41683467741935;46.875;45.51112288135593;43.69517543859649;40.96590909090909
Pieza_13_foto173;13;173;74;74;70;70;70;70;63;62;62;57;57.8125;57.801942567567565;54.6875;54.6875;54.6875;51.54017857142857;48.697916666666664;48.4375;46.736391129032256;44.53125
Pieza_13_foto174;13;174;62;62;60;60;60;60;59;56;54;51;48.4375;48.08467741935484;46.875;46.875;46.875;46.145833333333336;45.29925847457627;42.96875;41.420717592592595;39.84375
Pieza_13_foto196;13;196;63;61;62;60;60;59;58;58;57;54;49.069940476190474;47.65625;48.4375;45.3125;46.7578125;46.09375;44.53125;45.13739224137931;43.75;42.1875
Pieza_13_foto207;13;207;66;67;66;66;66;65;63;61;60;58;50.78125;52.34375;51.5625;51.5625;51.40861742424242;50.42067307692308;49.21875;46.13217213114754;46.875;44.53125
Pieza_13_foto221;13;221;57;57;57;60;60;54;53;53;50;50;44.53125;44.53125;44.53125;46.145833333333336;43.541666666666664;41.72453703703704;41.40625;40.33018867924528;39.0625;39.0625
Pieza_13_foto256;13;256;69;69;67;66;64;63;59;59;57;55;52.34375;53.781702898550726;51.5625;51.06534090909091;49.21875;47.482638888888886;46.09375;45.391949152542374;43.55811403508772;42.28693181818182
Pieza_13_foto267;13;267;51;51;65;63;62;60;60;58;56;55;39.84375;39.0625;50.78125;49.16914682539682;48.4375;46.875;45.364583333333336;45.150862068965516;42.96875;42.96875
Pieza_13_foto278;13;278;68;69;69;65;63;62;60;57;57;53;53.125;53.46467391304348;52.219202898550726;50.78125;48.4375;47.65625;45.260416666666664;44.53125;42.598684210526315;41.40625
Pieza_13_foto279;13;279;71;70;69;68;68;64;62;60;58;58;55.46875;54.140625;53.125;53.125;52.27481617647059;48.681640625;47.84526209677419;45.872395833333336;44.585129310344826;44.55818965517241
Pieza_13_foto302;13;302;71;71;69;64;63;61;59;57;54;51;55.46875;54.13732394366197;52.79664855072464;49.21875;48.697916666666664;47.41290983606557;45.44491525423729;43.91447368421053;41.623263888888886;39.84375
